ID,Group_ID,DateOfJoining
U-297,1,2020-03-12
U-270,1,2020-03-29
U-273,1,2020-05-15
U-251,1,2020-07-24
U-300,1,2020-05-09
U-245,1,2020-08-11
U-149,1,2020-10-24
U-145,1,2020-09-27
U-114,1,2020-06-19
U-140,1,2020-04-11
U-282,1,2020-09-17
U-247,1,2020-11-14
U-189,1,2020-08-05
U-113,1,2020-03-15
U-75,2,2019-11-20
U-44,2,2020-08-09
U-13,2,2020-07-14
U-241,2,2020-03-19
U-250,2,2020-04-29
U-127,3,2019-11-06
U-236,3,2019-12-19
U-120,3,2020-05-30
U-248,3,2020-04-23
U-43,3,2020-02-06
U-70,3,2020-04-18
U-93,3,2019-11-12
U-51,3,2020-04-08
U-243,3,2020-12-18
U-123,3,2020-07-04
U-204,3,2020-08-21
U-113,3,2020-08-21
U-237,3,2020-10-30
U-13,3,2020-07-30
U-22,3,2020-04-02
U-12,3,2020-02-25
U-135,4,2020-12-21
U-218,4,2020-12-27
U-164,4,2020-12-26
U-109,4,2020-12-24
U-294,4,2020-12-24
U-284,4,2020-12-24
U-49,4,2020-12-22
U-151,4,2020-12-26
U-126,4,2020-12-22
U-60,4,2020-12-22
U-215,4,2020-12-27
U-298,4,2020-12-26
U-150,4,2020-12-26
U-253,4,2020-12-29
U-139,5,2009-07-05
U-176,5,2013-09-14
U-172,5,2016-06-03
U-160,5,2012-07-18
U-126,5,2012-03-06
U-203,5,2009-10-05
U-294,5,2012-06-15
U-200,5,2012-10-11
U-273,5,2012-06-08
U-58,5,2011-09-20
U-198,5,2017-10-16
U-219,5,2018-10-16
U-3,5,2020-05-28
U-69,5,2017-05-25
U-9,5,2012-11-24
U-85,5,2010-07-20
U-228,5,2018-08-17
U-180,5,2019-05-30
U-157,6,2010-01-03
U-65,6,2016-06-05
U-14,6,2020-07-08
U-35,6,2011-02-04
U-200,6,2010-04-28
U-9,7,2020-12-13
U-49,7,2020-12-21
U-256,7,2020-12-16
U-81,7,2020-12-15
U-119,8,2005-01-26
U-151,8,2017-05-09
U-108,8,2005-09-06
U-63,8,2009-02-24
U-199,8,2008-03-27
U-85,8,2006-08-14
U-253,8,2012-04-20
U-230,8,2017-05-11
U-222,8,2015-11-07
U-54,9,2017-03-16
U-80,9,2019-05-27
U-167,9,2019-09-16
U-182,9,2020-02-04
U-172,9,2020-11-01
U-238,9,2020-09-09
U-259,9,2019-04-20
U-236,10,2016-11-04
U-281,10,2019-10-06
U-86,11,2019-07-04
U-11,11,2020-05-18
U-135,11,2019-11-13
U-216,11,2019-11-30
U-34,11,2020-10-30
U-236,11,2020-03-09
U-253,11,2020-08-02
U-154,11,2020-04-30
U-54,11,2019-10-18
U-185,11,2020-01-13
U-41,11,2020-05-01
U-273,11,2019-10-06
U-257,11,2020-12-09
U-222,11,2020-03-24
U-64,11,2020-07-23
U-285,11,2020-08-12
U-140,11,2019-10-23
U-83,11,2020-04-26
U-207,11,2019-10-27
U-194,11,2020-03-09
U-14,12,2020-09-11
U-267,12,2020-09-24
U-279,13,2020-10-25
U-296,13,2020-11-06
U-145,13,2020-12-31
U-93,13,2020-11-11
U-63,13,2020-11-17
U-139,13,2020-12-16
U-116,13,2020-11-15
U-251,13,2020-12-13
U-291,13,2020-12-03
U-275,13,2020-11-13
U-281,13,2020-12-04
U-88,13,2020-11-01
U-84,13,2020-11-25
U-169,13,2020-11-26
U-99,13,2020-12-11
U-249,13,2020-11-08
U-202,14,2017-06-18
U-16,14,2018-11-23
U-188,14,2020-09-23
U-140,14,2020-02-27
U-215,15,2014-09-12
U-218,15,2017-04-07
U-148,15,2019-07-08
U-15,15,2017-12-06
U-289,15,2016-04-04
U-103,15,2018-07-14
U-244,15,2016-04-28
U-232,15,2017-12-26
U-12,15,2015-06-15
U-228,15,2018-11-18
U-195,15,2017-10-02
U-189,15,2018-03-27
U-48,15,2015-07-07
U-91,15,2015-08-16
U-206,15,2016-05-29
U-242,15,2019-05-07
U-72,16,2018-05-27
U-132,16,2018-06-12
U-77,16,2019-02-13
U-233,16,2018-09-21
U-224,16,2020-07-11
U-207,16,2019-12-29
U-270,16,2018-08-02
U-179,16,2019-07-26
U-214,16,2019-08-29
U-277,16,2020-05-31
U-20,16,2020-01-18
U-248,16,2019-07-05
U-166,16,2020-06-20
U-66,16,2020-01-18
U-235,16,2020-01-13
U-257,16,2018-08-26
U-208,16,2018-08-25
U-138,16,2020-03-21
U-140,17,2020-10-03
U-271,17,2020-11-05
U-161,18,2019-12-24
U-33,18,2020-12-12
U-74,18,2020-12-12
U-229,18,2020-05-17
U-237,18,2020-09-28
U-254,18,2020-09-18
U-118,18,2020-03-23
U-137,18,2020-10-01
U-203,18,2020-03-14
U-272,18,2020-01-04
U-190,18,2020-08-02
U-132,18,2020-12-25
U-217,18,2020-08-21
U-169,18,2020-07-16
U-57,19,2014-03-03
U-11,19,2017-07-11
U-282,19,2015-02-22
U-173,19,2019-06-15
U-82,19,2020-12-11
U-44,19,2018-09-26
U-205,19,2020-03-26
U-294,19,2019-04-12
U-40,19,2016-12-27
U-232,19,2017-05-06
U-1,19,2018-01-21
U-67,19,2018-06-16
U-154,20,2008-09-10
U-69,20,2017-03-18
U-32,20,2020-08-29
U-184,21,2018-09-27
U-195,21,2019-10-24
U-231,21,2020-04-18
U-268,21,2020-04-15
U-63,21,2019-07-19
U-18,21,2019-06-27
U-253,21,2019-01-30
U-286,21,2020-06-23
U-85,21,2019-09-18
U-241,21,2020-08-17
U-15,22,2018-10-01
U-239,22,2019-12-13
U-290,22,2019-09-15
U-52,22,2019-06-23
U-14,22,2020-08-27
U-74,22,2019-10-31
U-22,23,2020-12-09
U-154,23,2020-12-29
U-20,23,2020-12-10
U-289,23,2020-12-12
U-103,23,2020-12-21
U-75,23,2020-12-25
U-205,23,2020-12-26
U-44,23,2020-12-30
U-25,23,2020-12-25
U-37,23,2020-12-16
U-108,23,2020-12-13
U-47,23,2020-12-18
U-71,23,2020-12-31
U-30,23,2020-12-15
U-72,23,2020-12-14
U-45,23,2020-12-12
U-126,23,2020-12-19
U-6,23,2020-12-14
U-52,23,2020-12-17
U-213,23,2020-12-24
U-254,24,2013-12-08
U-295,24,2016-09-04
U-250,24,2020-09-09
U-151,24,2014-09-02
U-33,24,2020-01-05
U-158,24,2020-06-13
U-262,24,2017-05-09
U-267,25,2018-03-15
U-186,25,2018-05-27
U-79,25,2019-01-08
U-198,25,2020-07-13
U-236,25,2020-10-22
U-242,25,2018-12-26
U-177,25,2020-09-25
U-72,25,2019-08-09
U-262,25,2020-11-12
U-77,25,2018-10-05
U-164,25,2018-05-27
U-18,25,2019-04-16
U-61,25,2020-12-19
U-125,25,2018-07-27
U-200,25,2019-03-10
U-295,25,2019-01-25
U-8,25,2020-02-24
U-124,25,2019-03-07
U-192,25,2019-03-08
U-255,26,2020-06-18
U-179,27,2012-04-18
U-28,27,2015-08-07
U-185,27,2018-04-14
U-126,27,2014-08-14
U-75,27,2013-03-24
U-219,27,2013-04-27
U-200,27,2016-05-12
U-178,28,2018-12-14
U-71,28,2020-11-14
U-116,28,2020-10-30
U-179,28,2020-08-29
U-299,28,2020-02-07
U-170,28,2019-05-26
U-277,28,2019-11-10
U-75,28,2020-02-18
U-155,28,2019-09-16
U-224,28,2019-08-15
U-282,28,2019-12-31
U-211,28,2020-01-30
U-85,28,2020-03-04
U-4,29,2019-08-13
U-53,29,2020-09-09
U-110,29,2020-11-25
U-229,29,2019-09-18
U-67,29,2019-09-07
U-270,29,2020-10-21
U-146,29,2020-06-03
U-112,29,2020-01-09
U-193,30,2018-01-19
U-65,30,2019-10-16
U-231,30,2018-02-01
U-10,30,2020-07-21
U-215,30,2018-02-28
U-173,30,2018-08-21
U-111,30,2020-09-16
U-27,30,2018-06-21
U-136,30,2020-02-05
U-128,30,2019-08-13
U-18,30,2020-01-24
U-131,30,2018-08-21
U-54,30,2019-01-09
U-108,30,2019-09-21
U-236,30,2019-04-02
U-44,30,2020-07-16
U-80,31,2020-02-09
U-131,31,2020-03-19
U-156,31,2020-09-09
U-196,31,2020-12-13
U-101,31,2020-05-03
U-278,31,2020-12-25
U-147,31,2020-05-08
U-210,31,2020-05-22
U-262,31,2020-10-27
U-277,32,2017-11-12
U-183,32,2019-11-25
U-172,32,2019-12-29
U-268,32,2020-06-27
U-139,32,2018-04-09
U-296,33,2018-06-26
U-168,33,2019-03-17
U-261,33,2020-02-04
U-270,33,2019-11-06
U-53,33,2020-09-03
U-242,33,2020-05-06
U-284,33,2019-05-20
U-69,33,2019-10-16
U-158,33,2020-07-22
U-29,33,2020-04-26
U-16,33,2020-01-07
U-294,33,2019-05-30
U-28,33,2018-09-02
U-125,34,2020-06-11
U-55,34,2020-10-02
U-149,34,2020-08-18
U-131,34,2020-10-03
U-64,34,2020-06-28
U-56,34,2020-09-22
U-183,34,2020-11-05
U-147,34,2020-09-20
U-171,34,2020-09-19
U-159,34,2020-12-05
U-166,34,2020-11-07
U-259,35,2008-07-16
U-96,35,2014-01-21
U-298,35,2011-05-27
U-260,35,2008-11-13
U-82,35,2018-12-25
U-232,35,2013-05-24
U-74,36,2020-10-29
U-60,36,2020-11-28
U-177,36,2020-12-28
U-130,36,2020-12-25
U-126,36,2020-11-17
U-234,36,2020-12-30
U-173,36,2020-11-20
U-63,36,2020-11-17
U-276,36,2020-12-20
U-293,36,2020-11-29
U-101,36,2020-12-01
U-267,36,2020-11-02
U-266,36,2020-11-04
U-202,36,2020-10-29
U-38,36,2020-12-06
U-141,36,2020-12-23
U-283,36,2020-11-11
U-31,36,2020-11-13
U-131,36,2020-12-05
U-270,37,2008-04-08
U-31,37,2016-07-21
U-101,37,2020-01-26
U-51,37,2011-02-04
U-26,38,2019-08-05
U-131,38,2020-04-21
U-161,38,2020-06-22
U-265,38,2019-10-20
U-296,38,2019-10-05
U-255,38,2019-12-07
U-242,38,2019-09-13
U-259,38,2019-09-27
U-66,39,2020-07-26
U-287,39,2020-10-26
U-91,39,2020-08-08
U-252,39,2020-08-07
U-149,39,2020-11-10
U-60,39,2020-09-18
U-50,39,2020-09-16
U-155,39,2020-10-23
U-123,39,2020-12-09
U-2,39,2020-11-05
U-120,39,2020-09-08
U-217,39,2020-10-02
U-38,39,2020-08-09
U-108,39,2020-10-01
U-202,39,2020-09-26
U-156,40,2009-10-25
U-166,40,2019-10-05
U-191,40,2019-05-20
U-88,40,2020-03-21
U-125,40,2014-09-12
U-136,40,2010-08-13
U-147,40,2012-10-04
U-284,40,2017-06-25
U-24,40,2011-01-10
U-282,41,2014-01-23
U-214,41,2014-01-29
U-237,41,2020-11-03
U-263,41,2015-02-24
U-93,41,2019-04-27
U-274,41,2020-11-12
U-49,41,2019-08-05
U-83,41,2020-12-24
U-235,41,2019-09-24
U-150,41,2017-09-07
U-240,41,2014-08-24
U-283,41,2018-06-17
U-37,42,2020-11-15
U-206,42,2020-12-25
U-283,42,2020-12-14
U-85,42,2020-12-04
U-40,42,2020-11-28
U-22,42,2020-12-24
U-175,42,2020-12-30
U-46,43,2018-04-04
U-97,43,2020-03-30
U-224,43,2019-11-16
U-49,43,2019-06-17
U-80,43,2020-04-04
U-146,43,2020-08-27
U-72,43,2020-03-01
U-55,43,2020-12-21
U-34,43,2019-04-13
U-175,43,2019-04-10
U-86,43,2019-01-15
U-149,43,2018-06-03
U-160,43,2019-10-26
U-297,43,2020-10-07
U-237,43,2020-11-05
U-130,43,2019-04-18
U-106,43,2020-07-29
U-103,43,2019-07-24
U-53,44,2019-04-05
U-227,44,2019-09-08
U-84,44,2020-03-08
U-192,44,2020-07-09
U-72,44,2020-08-02
U-51,44,2020-05-15
U-142,44,2019-09-21
U-133,44,2020-08-28
U-197,44,2019-10-21
U-75,44,2020-08-28
U-280,44,2020-02-23
U-111,44,2020-11-02
U-219,44,2020-06-26
U-195,44,2020-11-26
U-8,44,2020-05-15
U-261,45,2010-10-08
U-79,45,2015-01-09
U-172,45,2019-11-11
U-119,45,2014-04-21
U-275,45,2018-06-27
U-142,45,2013-06-10
U-176,45,2017-03-02
U-42,45,2011-04-08
U-116,45,2014-03-02
U-127,45,2016-01-11
U-117,45,2015-08-07
U-161,45,2011-03-15
U-195,45,2011-12-26
U-295,45,2016-11-02
U-4,45,2018-04-22
U-168,46,2019-07-09
U-264,46,2019-11-06
U-106,46,2019-11-13
U-13,46,2020-10-17
U-184,46,2019-10-31
U-140,46,2019-08-18
U-148,46,2020-07-08
U-1,46,2020-11-13
U-101,47,2019-04-21
U-219,47,2020-11-05
U-75,47,2020-12-29
U-173,47,2019-09-28
U-199,47,2019-12-21
U-153,47,2019-05-19
U-58,47,2020-11-24
U-42,47,2019-05-26
U-144,47,2019-10-31
U-123,47,2020-05-12
U-274,47,2019-06-19
U-90,48,2020-12-07
U-81,48,2020-12-08
U-102,48,2020-12-19
U-156,48,2020-12-27
U-265,48,2020-12-20
U-19,48,2020-12-16
U-125,48,2020-12-21
U-233,48,2020-12-08
U-204,48,2020-12-13
U-215,48,2020-12-31
U-239,48,2020-12-14
U-10,48,2020-12-31
U-55,48,2020-12-15
U-225,48,2020-12-21
U-27,48,2020-12-21
U-82,49,2020-06-25
U-253,49,2020-07-11
U-262,49,2020-10-06
U-74,49,2020-07-03
U-257,49,2020-07-02
U-276,49,2020-07-15
U-25,49,2020-07-26
U-53,49,2020-12-18
U-142,49,2020-12-24
U-298,49,2020-12-15
U-110,49,2020-08-22
U-61,49,2020-11-08
U-219,49,2020-10-05
U-7,49,2020-11-15
U-4,49,2020-11-03
U-123,49,2020-10-03
U-47,49,2020-09-15
U-104,49,2020-09-16
U-242,50,2009-03-19
U-126,50,2014-11-05
