Recruiter_ID,User_ID,DateOfRecruitment
R-2,U-118,09-12-2020
R-2,U-53,26-07-2020
R-2,U-35,30-12-2020
R-2,U-144,01-03-2020
R-2,U-132,17-10-2020
R-2,U-237,29-12-2020
R-2,U-105,26-06-2020
R-2,U-41,19-09-2020
R-3,U-2,22-12-2020
R-3,U-148,03-10-2019
R-3,U-85,07-03-2020
R-3,U-225,10-07-2020
R-3,U-110,14-11-2020
R-3,U-265,02-11-2020
R-3,U-140,06-01-2020
R-3,U-221,11-07-2020
R-3,U-215,12-12-2020
R-3,U-35,13-08-2020
R-7,U-41,03-12-2020
R-7,U-268,13-06-2020
R-7,U-29,18-12-2020
R-7,U-2,15-11-2020
R-7,U-53,07-12-2020
R-7,U-132,19-11-2020
R-7,U-35,24-04-2020
R-8,U-2,04-12-2020
R-8,U-118,20-10-2020
R-8,U-53,03-11-2020
R-8,U-221,24-05-2020
R-8,U-110,29-11-2020
R-8,U-132,30-09-2020
R-11,U-126,07-06-2020
R-11,U-221,18-09-2020
R-11,U-237,31-12-2020
R-12,U-41,30-11-2020
R-12,U-29,03-12-2020
R-12,U-140,01-06-2020
R-12,U-239,24-12-2020
R-12,U-7,27-07-2020
R-12,U-61,31-05-2020
R-12,U-215,15-12-2020
R-13,U-115,09-04-2019
R-13,U-239,11-10-2018
R-13,U-277,24-11-2019
R-13,U-298,30-08-2020
R-13,U-195,13-02-2020
R-13,U-293,10-05-2020
R-13,U-82,26-12-2020
R-14,U-221,19-05-2020
R-15,U-105,27-11-2020
R-15,U-268,15-06-2020
R-16,U-99,28-12-2020
R-17,U-286,22-10-2019
R-17,U-185,26-12-2020
R-17,U-48,29-10-2020
R-17,U-7,29-12-2020
R-17,U-124,26-10-2020
R-17,U-187,25-04-2020
R-18,U-205,19-05-2020
R-18,U-15,22-06-2020
R-19,U-53,13-09-2020
R-19,U-132,26-12-2020
R-20,U-132,28-09-2020
R-20,U-92,16-05-2020
R-20,U-221,24-06-2020
R-20,U-18,13-02-2020
R-21,U-215,09-12-2020
R-22,U-118,30-11-2020
R-22,U-164,26-11-2019
R-22,U-29,22-12-2020
R-22,U-195,01-08-2019
R-22,U-148,16-12-2019
R-22,U-132,21-08-2020
R-25,U-265,06-01-2020
R-25,U-132,06-12-2020
R-25,U-16,16-05-2020
R-25,U-156,16-06-2020
R-26,U-53,19-11-2020
R-26,U-268,25-12-2020
R-27,U-185,23-12-2020
R-27,U-118,22-10-2020
R-27,U-82,26-12-2020
R-27,U-237,19-11-2020
R-28,U-15,07-09-2020
R-29,U-237,22-10-2020
R-29,U-268,17-08-2020
R-29,U-245,10-11-2019
R-30,U-126,20-07-2020
R-30,U-205,13-09-2020
R-30,U-110,13-11-2020
R-30,U-237,22-11-2020
R-30,U-53,30-11-2020
R-30,U-132,22-12-2020
R-30,U-185,08-12-2020
R-32,U-118,30-12-2020
R-32,U-132,11-10-2020
R-33,U-148,26-06-2019
R-33,U-164,19-06-2020
R-33,U-2,12-10-2020
R-33,U-245,10-11-2019
R-33,U-105,02-12-2020
R-33,U-265,20-07-2020
R-33,U-219,28-05-2020
R-35,U-118,25-11-2020
R-35,U-82,30-12-2020
R-35,U-110,22-10-2020
R-35,U-29,23-12-2020
R-35,U-132,02-10-2020
R-35,U-99,21-11-2020
R-37,U-85,22-06-2020
R-37,U-92,29-04-2020
R-37,U-35,12-12-2020
R-37,U-156,22-12-2020
R-38,U-239,28-10-2019
R-38,U-186,16-03-2020
R-38,U-110,23-12-2020
R-38,U-286,03-01-2020
R-38,U-247,11-05-2019
R-38,U-125,18-10-2019
R-38,U-105,18-08-2020
R-38,U-92,26-05-2020
R-39,U-237,01-11-2020
R-39,U-215,25-11-2020
R-40,U-164,24-06-2019
R-40,U-126,19-12-2020
R-40,U-298,19-08-2020
R-40,U-297,03-01-2020
R-40,U-205,26-09-2020
R-40,U-287,23-02-2019
R-40,U-161,04-04-2020
R-41,U-41,30-09-2020
R-42,U-110,23-11-2020
R-42,U-195,18-07-2020
R-43,U-82,25-12-2020
R-45,U-293,09-09-2020
R-45,U-41,23-08-2020
R-45,U-195,23-11-2019
R-46,U-126,24-12-2020
R-46,U-118,26-10-2020
R-46,U-29,10-12-2020
R-46,U-35,31-05-2020
R-46,U-298,20-11-2020
R-46,U-53,14-07-2020
R-46,U-41,29-08-2020
R-46,U-85,05-12-2020
R-46,U-105,21-08-2020
R-46,U-2,07-10-2020
R-48,U-2,13-12-2020
R-48,U-215,02-12-2020
R-48,U-99,12-11-2020
R-49,U-118,26-11-2020
R-49,U-215,15-12-2020
R-50,U-129,27-12-2019
R-50,U-35,19-12-2020
R-50,U-205,12-11-2020
R-50,U-221,11-07-2020
R-52,U-225,01-01-2021
R-52,U-221,29-07-2020
R-52,U-279,20-03-2019
R-52,U-187,31-07-2019
R-53,U-278,25-11-2019
R-53,U-237,15-12-2020
R-53,U-298,19-08-2020
R-53,U-29,22-12-2020
R-53,U-2,25-12-2020
R-53,U-39,09-09-2020
R-53,U-126,09-11-2020
R-53,U-205,29-08-2020
R-54,U-48,10-05-2020
R-54,U-92,17-12-2019
R-54,U-221,17-10-2020
R-54,U-205,09-04-2020
R-54,U-271,13-10-2019
R-56,U-148,07-06-2020
R-56,U-129,11-03-2020
R-56,U-102,26-12-2018
R-56,U-265,27-10-2019
R-56,U-92,16-11-2020
R-56,U-161,03-01-2020
R-56,U-144,29-11-2020
R-57,U-297,11-12-2019
R-57,U-92,16-01-2020
R-57,U-118,30-12-2020
R-57,U-140,24-12-2019
R-57,U-268,03-09-2020
R-57,U-164,22-06-2020
R-57,U-286,09-12-2020
R-57,U-287,23-12-2019
R-57,U-126,26-06-2020
R-57,U-219,17-07-2019
R-58,U-132,11-09-2020
R-59,U-15,27-07-2020
R-59,U-92,14-08-2020
R-59,U-258,24-11-2019
R-59,U-247,06-12-2018
R-59,U-185,04-12-2020
R-59,U-182,22-06-2020
R-59,U-53,02-11-2020
R-63,U-81,25-10-2019
R-63,U-29,23-11-2020
R-63,U-82,31-12-2020
R-63,U-195,08-10-2020
R-63,U-215,29-12-2020
R-63,U-293,11-08-2019
R-63,U-140,13-10-2020
R-63,U-237,14-11-2020
R-63,U-286,17-01-2020
R-66,U-265,14-09-2020
R-67,U-2,18-12-2020
R-67,U-110,17-12-2020
R-67,U-118,24-11-2020
R-67,U-105,20-09-2020
R-68,U-53,14-06-2020
R-68,U-2,14-12-2020
R-68,U-298,27-08-2020
R-69,U-185,07-12-2020
R-70,U-185,16-12-2020
R-70,U-53,27-12-2020
R-70,U-221,16-05-2020
R-70,U-126,21-10-2020
R-70,U-41,01-11-2020
R-70,U-29,29-12-2020
R-70,U-268,14-06-2020
R-70,U-118,07-12-2020
R-70,U-215,13-12-2020
R-70,U-2,26-10-2020
R-71,U-225,14-08-2020
R-71,U-275,04-03-2019
R-71,U-144,01-07-2020
R-71,U-48,01-04-2020
R-71,U-185,29-12-2020
R-71,U-251,30-04-2020
R-71,U-161,22-11-2020
R-71,U-82,24-12-2020
R-71,U-118,18-12-2020
R-72,U-185,13-12-2020
R-73,U-161,09-08-2020
R-74,U-215,09-12-2020
R-74,U-237,30-12-2020
R-74,U-82,23-12-2020
R-74,U-35,20-06-2020
R-74,U-29,20-12-2020
R-76,U-39,28-12-2019
R-76,U-35,19-05-2020
R-76,U-185,29-12-2020
R-76,U-278,10-12-2019
R-76,U-215,20-12-2020
R-77,U-110,21-10-2020
R-77,U-41,17-12-2020
R-78,U-81,03-10-2019
R-78,U-63,15-11-2020
R-78,U-41,28-06-2020
R-78,U-148,28-05-2020
R-79,U-156,19-08-2019
R-79,U-236,10-01-2019
R-79,U-16,06-09-2020
R-79,U-63,13-05-2020
R-80,U-82,28-12-2020
R-81,U-7,28-11-2020
R-81,U-293,07-05-2020
R-81,U-275,17-07-2019
R-81,U-15,02-02-2020
R-81,U-110,04-12-2020
R-81,U-126,25-06-2020
R-81,U-182,04-02-2019
R-83,U-82,01-01-2021
R-83,U-161,26-07-2020
R-83,U-164,13-12-2020
R-83,U-195,27-11-2019
R-83,U-33,21-06-2020
R-83,U-35,19-07-2020
R-83,U-41,07-12-2020
R-83,U-105,10-08-2020
R-83,U-215,17-12-2020
R-83,U-278,21-09-2020
R-84,U-99,25-11-2020
R-84,U-29,01-12-2020
R-84,U-215,27-12-2020
R-84,U-2,24-10-2020
R-85,U-102,06-01-2020
R-85,U-61,09-12-2019
R-85,U-26,05-10-2019
R-85,U-125,14-12-2018
R-85,U-148,27-04-2020
R-85,U-2,02-10-2020
R-85,U-239,15-06-2020
R-85,U-245,05-06-2020
R-86,U-39,24-10-2019
R-86,U-105,18-06-2020
R-86,U-35,24-12-2020
R-86,U-293,27-12-2020
R-86,U-251,23-10-2020
R-86,U-205,02-04-2020
R-86,U-221,09-06-2020
R-87,U-99,06-11-2020
R-88,U-219,15-07-2019
R-89,U-105,14-10-2020
R-89,U-118,01-01-2021
R-89,U-132,23-08-2020
R-89,U-298,09-12-2020
R-89,U-110,27-12-2020
R-90,U-144,08-11-2020
R-90,U-39,12-10-2019
R-90,U-126,31-05-2020
R-90,U-265,23-03-2020
R-90,U-161,14-04-2019
R-90,U-132,26-10-2020
R-90,U-297,17-06-2020
R-91,U-164,22-07-2020
R-91,U-118,21-10-2020
R-91,U-298,03-12-2020
R-91,U-286,09-09-2020
R-91,U-156,05-12-2020
R-91,U-287,30-08-2020
R-91,U-82,24-12-2020
R-93,U-15,22-02-2020
R-93,U-41,26-09-2020
R-93,U-110,02-11-2020
R-93,U-35,22-12-2020
R-93,U-215,06-12-2020
R-93,U-268,13-11-2020
R-93,U-140,21-09-2019
R-93,U-297,20-06-2020
R-93,U-298,30-10-2020
R-93,U-251,25-12-2019
R-94,U-298,16-12-2020
R-94,U-215,19-12-2020
R-94,U-82,23-12-2020
R-94,U-156,30-01-2020
R-94,U-140,17-02-2020
R-94,U-225,22-12-2020
R-94,U-92,29-06-2020
R-94,U-132,08-12-2020
R-94,U-3,23-11-2020
R-94,U-2,10-12-2020
R-95,U-258,12-06-2019
R-95,U-251,06-10-2020
R-95,U-24,30-08-2020
R-95,U-290,21-07-2018
R-95,U-271,11-06-2019
R-95,U-129,10-07-2020
R-95,U-144,24-10-2020
R-95,U-287,22-07-2020
R-95,U-99,01-12-2020
R-95,U-125,18-01-2019
R-97,U-29,30-12-2020
R-97,U-35,09-07-2020
R-97,U-237,04-12-2020
R-100,U-185,21-12-2020
R-100,U-110,09-11-2020
R-100,U-237,07-12-2020
R-100,U-29,21-12-2020
R-101,U-186,02-04-2020
R-103,U-132,15-08-2020
R-104,U-82,25-12-2020
R-104,U-99,04-12-2020
R-104,U-35,20-06-2020
R-104,U-41,16-09-2020
R-104,U-221,12-09-2020
R-104,U-53,12-08-2020
R-106,U-148,04-08-2020
R-106,U-92,04-02-2020
R-106,U-41,09-12-2020
R-106,U-237,30-12-2020
R-106,U-286,20-11-2020
R-106,U-275,22-07-2020
R-106,U-140,29-06-2020
R-107,U-35,05-06-2020
R-107,U-3,26-07-2020
R-109,U-132,27-11-2020
R-109,U-2,17-10-2020
R-109,U-82,25-12-2020
R-109,U-118,10-11-2020
R-109,U-110,23-12-2020
R-110,U-99,09-11-2020
R-110,U-215,25-11-2020
R-110,U-185,30-12-2020
R-110,U-118,29-12-2020
R-110,U-2,26-10-2020
R-110,U-110,28-10-2020
R-110,U-237,06-12-2020
R-111,U-118,09-11-2020
R-111,U-268,18-07-2020
R-111,U-29,20-12-2020
R-111,U-132,25-10-2020
R-111,U-99,21-10-2020
R-111,U-237,16-11-2020
R-115,U-144,28-01-2020
R-115,U-297,11-04-2020
R-115,U-82,29-12-2020
R-115,U-265,31-07-2020
R-115,U-66,03-08-2019
R-115,U-125,18-03-2019
R-115,U-127,08-12-2020
R-115,U-186,18-03-2019
R-115,U-251,05-07-2020
R-115,U-16,22-06-2019
R-116,U-225,11-06-2020
R-116,U-221,29-11-2020
R-116,U-99,09-12-2020
R-116,U-126,17-11-2020
R-116,U-124,07-04-2020
R-116,U-237,01-01-2021
R-116,U-298,26-08-2020
R-116,U-35,19-10-2020
R-118,U-26,04-12-2020
R-120,U-41,06-10-2020
R-120,U-205,05-05-2020
R-120,U-2,19-12-2020
R-120,U-29,19-11-2020
R-120,U-110,08-11-2020
R-120,U-53,12-09-2020
R-120,U-82,26-12-2020
R-120,U-215,09-12-2020
R-120,U-132,24-09-2020
R-120,U-124,29-04-2020
R-121,U-132,02-09-2020
R-121,U-298,30-09-2020
R-121,U-99,27-10-2020
R-121,U-29,11-12-2020
R-121,U-215,11-12-2020
R-121,U-237,13-12-2020
R-121,U-2,20-11-2020
R-121,U-110,25-12-2020
R-121,U-82,27-12-2020
R-122,U-39,22-10-2020
R-122,U-265,30-01-2020
R-122,U-63,21-05-2020
R-122,U-251,28-12-2020
R-122,U-225,04-06-2020
R-122,U-268,24-12-2020
R-123,U-265,23-09-2019
R-123,U-205,03-12-2020
R-123,U-251,22-11-2020
R-123,U-105,10-08-2020
R-123,U-268,30-05-2020
R-123,U-99,26-10-2020
R-123,U-35,06-12-2020
R-124,U-2,29-11-2020
R-124,U-124,09-08-2020
R-124,U-15,25-10-2020
R-124,U-195,18-08-2020
R-124,U-110,26-12-2020
R-124,U-144,23-05-2020
R-124,U-29,01-01-2021
R-124,U-41,16-07-2020
R-124,U-215,16-12-2020
R-124,U-156,28-03-2020
R-126,U-124,03-12-2020
R-126,U-82,25-12-2020
R-127,U-105,11-06-2020
R-127,U-33,31-07-2019
R-127,U-219,17-12-2020
R-129,U-195,31-07-2020
R-129,U-268,08-10-2020
R-129,U-205,30-08-2020
R-129,U-92,21-06-2020
R-129,U-29,15-12-2020
R-129,U-105,25-12-2020
R-129,U-132,02-09-2020
R-130,U-195,03-05-2020
R-132,U-115,23-09-2019
R-132,U-185,22-12-2020
R-132,U-82,25-12-2020
R-132,U-16,05-01-2019
R-134,U-124,10-07-2020
R-134,U-126,20-12-2020
R-134,U-144,17-11-2020
R-134,U-132,26-08-2020
R-135,U-160,27-02-2019
R-135,U-219,07-03-2020
R-135,U-293,10-07-2019
R-137,U-293,25-08-2020
R-137,U-279,21-10-2019
R-137,U-195,13-05-2020
R-137,U-221,07-11-2020
R-138,U-118,26-09-2020
R-138,U-110,26-11-2020
R-138,U-29,26-11-2020
R-138,U-132,25-11-2020
R-138,U-124,04-05-2020
R-138,U-2,01-11-2020
R-139,U-48,14-04-2020
R-139,U-129,10-11-2019
R-139,U-164,02-07-2019
R-139,U-161,18-04-2020
R-139,U-205,23-04-2020
R-139,U-298,15-12-2020
R-139,U-237,18-12-2020
R-139,U-3,11-07-2020
R-140,U-26,30-06-2019
R-140,U-140,09-10-2020
R-140,U-276,27-03-2020
R-140,U-63,30-04-2020
R-140,U-182,06-08-2019
R-140,U-275,06-02-2020
R-142,U-215,28-12-2020
R-142,U-110,09-11-2020
R-142,U-2,31-10-2020
R-142,U-185,04-12-2020
R-142,U-237,29-12-2020
R-142,U-298,26-11-2020
R-143,U-247,10-07-2020
R-143,U-205,02-09-2020
R-144,U-215,02-12-2020
R-144,U-53,27-07-2020
R-145,U-124,07-09-2020
R-145,U-99,17-12-2020
R-145,U-82,27-12-2020
R-145,U-48,22-11-2020
R-145,U-126,02-09-2020
R-146,U-102,15-03-2020
R-146,U-265,25-09-2020
R-146,U-164,15-07-2019
R-146,U-276,15-01-2019
R-146,U-259,08-11-2019
R-148,U-265,21-11-2019
R-148,U-63,21-11-2020
R-148,U-225,24-10-2020
R-149,U-35,22-11-2020
R-149,U-189,03-01-2020
R-149,U-225,12-10-2020
R-149,U-148,12-05-2020
R-149,U-287,24-11-2020
R-149,U-161,24-01-2020
R-149,U-215,19-12-2020
R-149,U-268,13-08-2020
R-149,U-92,16-02-2020
R-150,U-215,24-12-2020
R-150,U-268,05-09-2020
R-150,U-105,09-07-2020
R-150,U-53,26-06-2020
R-150,U-144,10-08-2020
R-150,U-99,10-12-2020
R-150,U-126,03-12-2020
